timestamp,voltage_V,current_A,power_W
0.230,5.4212,-0.00025,0.013
0.335,5.4100,-0.00200,0.000
0.361,5.4188,-0.00075,0.000
0.391,5.4125,-0.00075,0.000
0.416,5.4162,-0.00200,0.013
0.442,5.4062,-0.00275,0.013
0.467,5.4125,-0.00275,0.013
0.493,5.4188,-0.00200,0.019
0.519,5.4125,-0.00025,0.013
0.545,5.4125,-0.00200,0.013
0.571,5.4250,-0.00150,0.013
0.597,5.4162,-0.00150,0.013
0.625,5.4162,-0.00150,0.000
0.651,5.4188,-0.00200,0.013
0.678,5.4212,-0.00075,0.013
0.704,5.4162,-0.00150,0.000
0.730,5.4162,-0.00150,0.013
0.758,5.4125,-0.00075,0.013
0.799,5.4188,-0.00150,0.000
0.829,5.4212,-0.00150,0.013
0.877,5.4212,-0.00075,0.013
0.923,5.4250,-0.00200,0.013
0.961,5.4162,-0.00150,0.000
0.990,5.4162,-0.00200,0.013
1.018,5.4250,-0.00200,0.013
1.048,5.4212,-0.00200,0.000
1.075,5.4250,-0.00025,0.000
1.102,5.4125,-0.00275,0.013
1.128,5.4188,-0.00150,0.013
1.156,5.4162,-0.00150,0.000
1.184,5.4188,-0.00200,0.000
1.212,5.4162,-0.00275,0.013
1.239,5.4188,-0.00025,0.000
1.274,5.4188,-0.00200,0.013
1.303,5.4188,-0.00275,0.013
1.330,5.4125,-0.00075,0.013
1.356,5.4188,-0.00075,0.013
1.382,5.4162,-0.00150,0.013
1.407,5.4162,-0.00150,0.019
1.434,5.4188,-0.00075,0.000
1.460,5.4162,-0.00075,0.013
1.485,5.4188,-0.00025,0.013
1.510,5.4188,-0.00150,0.013
1.535,5.4125,0.00050,0.013
1.560,5.4125,-0.00150,0.000
1.585,5.4162,-0.00150,0.013
1.611,5.4188,-0.00025,0.013
1.636,5.4188,-0.00200,0.013
1.662,5.4162,-0.00200,0.013
1.687,5.4212,-0.00075,0.000
1.712,5.4188,-0.00150,0.000
1.737,5.4188,-0.00150,0.013
1.762,5.4125,-0.00150,0.000
1.787,5.4162,-0.00150,0.000
1.812,5.4212,-0.00025,0.013
1.837,5.4212,-0.00150,0.000
1.862,5.4188,-0.00075,0.000
1.887,5.4162,-0.00200,0.013
1.913,5.4188,-0.00200,0.000
1.939,5.4100,-0.00150,0.000
1.964,5.4162,-0.00075,0.013
1.990,5.4125,-0.00200,0.000
2.015,5.4212,-0.00200,0.013
2.040,5.4162,-0.00150,0.000
2.066,5.4212,-0.00075,0.000
2.091,5.4188,-0.00150,0.000
2.116,5.4162,-0.00025,0.000
2.142,5.4125,-0.00150,0.013
2.167,5.4212,-0.00325,0.000
2.193,5.4162,-0.00275,0.000
2.219,5.4162,-0.00075,0.000
2.244,5.4212,-0.00200,0.000
2.270,5.4162,-0.00075,0.013
2.295,5.4188,0.00050,0.013
2.320,5.4188,-0.00200,0.000
2.346,5.4188,-0.00150,0.000
2.371,5.4125,-0.00150,0.013
2.397,5.4100,-0.00200,0.013
2.422,5.4188,-0.00200,0.013
2.447,5.4162,-0.00075,0.013
2.472,5.4212,-0.00025,0.013
2.498,5.4188,-0.00200,0.000
2.524,5.4188,-0.00200,0.000
2.548,5.4162,-0.00200,0.013
2.574,5.4188,-0.00025,0.000
2.599,5.4125,-0.00025,0.013
2.623,5.4212,-0.00200,0.013
2.648,5.4275,-0.00075,0.013
2.674,5.4162,-0.00075,0.000
2.699,5.4162,-0.00200,0.013
2.725,5.4100,-0.00150,0.000
2.750,5.4188,-0.00150,0.013
2.776,5.4162,-0.00075,0.000
2.801,5.4250,-0.00200,0.013
2.826,5.4212,-0.00075,0.013
2.852,5.4162,-0.00200,0.013
2.877,5.4188,-0.00150,0.013
2.903,5.4125,-0.00150,0.013
2.928,5.4188,-0.00150,0.000
2.954,5.4188,0.00050,0.013
2.979,5.4250,-0.00075,0.013
3.003,5.4125,-0.00150,0.000
3.028,5.4250,0.00100,0.000
3.053,5.4212,-0.00075,0.000
3.078,5.4188,-0.00025,0.000
3.103,5.4275,-0.00075,0.000
3.129,5.4212,-0.00275,0.000
3.154,5.4125,-0.00075,0.000
3.179,5.4125,-0.00200,0.013
3.204,5.4212,-0.00200,0.013
3.229,5.4212,-0.00150,0.013
3.254,5.4212,-0.00075,0.000
3.278,5.4212,-0.00075,0.013
3.304,5.4188,-0.00075,0.013
3.328,5.4250,-0.00200,0.013
3.354,5.4125,-0.00325,0.000
3.378,5.4100,-0.00025,0.000
3.404,5.4188,-0.00075,0.000
3.429,5.4162,-0.00075,0.000
3.454,5.4188,-0.00150,0.013
3.479,5.4212,-0.00025,0.000
3.504,5.4125,-0.00150,0.013
3.528,5.4125,-0.00075,0.013
3.554,5.4162,-0.00025,0.000
3.579,5.4212,-0.00150,0.013
3.604,5.4162,-0.00150,0.000
3.628,5.4038,-0.00025,0.013
3.654,25.6575,1.00925,29.400
3.679,25.7963,0.30500,7.825
3.703,25.7900,0.27975,7.456
3.728,25.7963,0.38450,10.056
3.753,25.7750,0.61175,15.963
3.778,25.7650,0.60850,15.769
3.805,25.7838,0.69475,17.881
3.831,25.7775,0.67500,17.262
3.856,25.7688,0.64300,16.519
3.883,25.7812,0.77550,19.888
3.908,25.7563,0.79450,20.562
3.934,25.7438,0.83950,21.619
3.960,25.7500,0.94600,24.463
3.985,25.7413,0.98850,25.506
4.010,25.7250,1.01625,26.019
4.036,25.7225,1.01550,26.144
4.062,25.7250,1.06050,27.062
4.087,25.7250,1.06225,27.413
4.112,25.7312,1.02975,26.606
4.137,25.7200,1.02350,26.431
4.162,25.7200,1.07525,27.656
4.187,25.7312,1.05050,27.250
4.212,25.7312,1.06475,27.525
4.237,25.7312,1.06300,27.300
4.262,25.7250,1.06525,27.188
4.287,25.7163,1.06050,27.381
4.312,25.7288,1.05925,27.463
4.337,25.7200,1.09925,28.600
4.362,25.7100,1.09675,28.356
4.387,25.7225,1.11225,28.294
4.412,25.7200,1.12150,28.406
4.437,25.7200,1.11525,28.713
4.462,25.7100,1.12250,28.950
4.487,25.7225,1.09675,28.338
4.512,25.7138,1.10850,28.138
4.537,25.7163,1.10475,28.363
4.562,25.7288,1.10650,28.069
4.587,25.7225,1.07150,27.250
4.612,25.7200,1.06775,27.138
4.637,25.7200,1.05925,27.344
4.662,25.7225,1.03150,26.606
4.687,25.7163,1.05550,26.981
4.712,25.7200,1.05125,26.800
4.737,25.7312,1.03700,26.675
4.762,25.7288,1.03275,26.688
4.787,25.7500,1.04025,27.013
4.812,25.7475,1.04200,27.094
4.837,25.7200,1.09300,27.969
4.862,25.7138,1.09550,27.988
4.887,25.7200,1.09050,28.475
4.912,25.7100,1.15350,29.369
4.937,25.7037,1.13975,29.575
4.962,25.7075,1.15475,29.694
4.987,25.7013,1.14850,29.688
5.012,25.7163,1.13075,29.031
5.037,25.7163,1.12150,28.806
5.062,25.7288,1.12250,28.788
5.087,25.7100,1.11025,28.488
5.113,25.7288,1.10600,28.519
5.139,25.7200,1.11650,28.581
5.164,25.7100,1.10425,28.838
5.190,25.7225,1.09050,28.456
5.215,25.7163,1.08750,28.213
5.240,25.7163,1.11400,28.538
5.266,25.7163,1.11100,28.681
5.292,25.7163,1.11025,28.756
5.317,25.7200,1.10425,29.000
5.343,25.7100,1.10650,28.744
5.368,25.7075,1.10225,28.363
5.394,25.7163,1.10300,28.200
5.419,25.7138,1.12700,28.650
5.445,25.7138,1.10775,28.312
5.470,25.7200,1.13375,29.188
5.495,25.7138,1.10225,28.619
5.521,25.7163,1.09675,28.263
5.546,25.7225,1.09975,28.406
5.571,25.7163,1.11650,28.244
5.596,25.7163,1.10600,28.475
5.621,25.7250,1.11775,28.550
5.645,25.7163,1.11225,28.394
5.670,25.7288,1.11450,28.500
5.697,25.7138,1.09675,28.406
5.722,25.7100,1.10475,28.550
5.748,25.7075,1.10600,28.294
5.773,25.7200,1.10975,28.988
5.799,25.7138,1.12200,29.288
5.825,25.7138,1.11525,28.906
5.850,25.7100,1.12025,29.213
5.876,25.7075,1.13925,29.725
5.901,25.7138,1.14050,29.369
5.927,25.7225,1.13550,29.500
5.951,25.7100,1.14775,29.238
5.977,25.7100,1.13875,29.431
6.002,25.7288,1.14850,29.213
6.028,25.7013,1.13375,29.275
6.053,25.6975,1.14725,29.300
6.079,25.7138,1.14675,29.481
6.104,25.7037,1.14675,29.256
6.129,25.7075,1.15650,29.581
6.154,25.7200,1.15525,29.400
6.179,25.7075,1.15400,29.562
6.204,25.7138,1.16150,29.706
6.229,25.7037,1.18600,30.781
6.254,25.7013,1.13875,29.706
6.279,25.6975,1.14725,29.719
6.304,25.7138,1.14225,29.356
6.329,25.6913,1.15650,29.544
6.354,25.7312,1.14850,29.350
6.379,25.7037,1.16625,29.581
6.404,25.6950,1.16150,29.400
6.429,25.7075,1.18300,29.919
6.454,25.7075,1.14550,29.669
6.479,25.7200,1.15350,29.838
6.504,25.7075,1.14350,29.544
6.529,25.7312,1.15525,29.719
6.554,25.7163,1.15100,29.656
6.579,25.7037,1.16750,29.850
6.604,25.7075,1.15400,29.694
6.629,25.7013,1.16325,29.769
6.654,25.7100,1.15275,29.500
6.679,25.7075,1.17675,30.062
6.704,25.7100,1.16325,30.188
6.729,25.7075,1.16275,30.269
6.754,25.7037,1.16750,30.094
6.779,25.7013,1.21675,32.431
6.804,25.7013,1.22350,30.525
6.829,25.7100,1.13125,28.888
6.854,25.7013,1.12075,28.819
6.879,25.7225,1.14050,29.238
6.904,25.7100,1.14350,29.256
6.929,25.7037,1.15775,29.756
6.954,25.7013,1.15775,29.381
6.979,25.7037,1.16575,29.644
7.004,25.7138,1.16325,29.438
7.029,25.7013,1.12250,29.438
7.054,25.7100,1.11150,28.613
7.079,25.7075,1.13375,29.325
7.104,25.6975,1.11100,28.856
7.129,25.7100,1.11900,28.819
7.154,25.7138,1.12325,29.163
7.179,25.7100,1.12075,28.819
7.204,25.7037,1.13125,28.856
7.229,25.7075,1.13500,29.256
7.254,25.7200,1.12375,28.619
7.279,25.7075,1.14425,29.194
7.304,25.7037,1.14900,28.838
7.329,25.7075,1.14175,29.256
7.354,25.7075,1.13125,29.238
7.379,25.7037,1.13675,29.438
7.404,25.7037,1.13000,29.206
7.429,25.7138,1.16275,29.819
7.454,25.7100,1.14225,29.275
7.479,25.7138,1.17550,30.956
7.504,25.6950,1.24025,31.856
7.529,25.6913,1.24625,31.713
7.554,25.6950,1.22000,31.706
7.579,25.7013,1.25125,31.613
7.604,25.6913,1.23475,31.594
7.629,25.6113,2.48500,63.113
7.654,25.5838,2.46950,63.131
7.679,25.6025,2.46575,63.231
7.704,25.5688,2.47575,63.200
7.729,25.5900,2.45775,63.119
7.754,25.5813,2.43025,62.650
7.779,25.5813,2.44375,62.781
7.804,25.5813,2.45175,62.794
7.829,25.5900,2.44875,62.700
7.854,25.5813,2.42650,62.119
7.879,25.5712,2.41975,61.544
7.904,25.5838,2.43575,62.456
7.929,25.6425,1.83550,46.688
7.954,25.6638,1.42250,36.169
7.979,25.6738,1.40025,35.562
8.004,25.6638,1.40650,35.956
8.029,25.6738,1.40325,37.113
8.054,25.6887,1.42675,36.556
8.079,25.6738,1.43600,35.738
8.104,25.6825,1.41500,35.788
8.129,25.6913,1.41375,36.462
8.154,25.6675,1.42600,36.812
8.179,25.6738,1.39100,35.812
8.204,25.6913,1.39975,36.269
8.229,25.6800,1.40100,36.281
8.254,25.6762,1.40275,35.881
8.278,25.6762,1.50550,39.312
8.304,25.6700,1.60950,41.338
8.329,25.6700,1.50000,39.056
8.354,25.6550,1.54175,39.344
8.380,25.6700,1.51350,38.500
8.405,25.6675,1.50975,38.675
8.430,25.6762,1.51900,38.719
8.457,25.6638,1.50175,39.181
8.482,25.6675,1.48450,37.244
8.509,25.6612,1.49500,38.769
8.533,25.6700,1.49375,38.400
8.560,25.6638,1.47475,37.962
8.585,25.6700,1.45325,36.044
8.611,25.6738,1.47725,37.519
8.637,25.6675,1.45125,38.062
8.662,25.6762,1.44575,37.513
8.688,25.6638,1.43725,37.706
8.714,25.6675,1.44325,37.438
8.739,25.6700,1.45925,37.406
8.765,25.6800,1.46725,37.256
8.789,25.6887,1.47650,37.481
8.815,25.6638,1.43400,35.863
8.840,25.6800,1.44100,37.325
8.866,25.6738,1.42675,35.781
8.892,25.6700,1.42175,36.781
8.917,25.6800,1.39175,35.900
8.943,25.6800,1.41750,35.819
8.969,25.6762,1.43400,36.650
8.994,25.6675,1.41325,36.631
9.020,25.6738,1.42000,37.200
9.045,25.6738,1.39275,36.413
9.071,25.6700,1.42000,36.556
9.095,25.6738,1.38600,36.325
9.121,25.6800,1.35400,35.219
9.145,25.6887,1.35225,35.219
9.171,25.6762,1.38925,35.869
9.195,25.6975,1.34425,34.119
9.221,25.6850,1.34725,35.013
9.245,25.6950,1.34600,34.625
9.271,25.6850,1.33500,34.694
9.295,25.6850,1.35100,34.425
9.321,25.6825,1.30300,33.750
9.345,25.6825,1.35350,34.325
9.371,25.6800,1.35225,34.725
9.395,25.6800,1.34300,33.938
9.421,25.6800,1.35400,34.531
9.446,25.6887,1.34600,34.406
9.471,25.6950,1.32400,34.312
9.495,25.6738,1.31275,34.087
9.521,25.6850,1.32450,34.225
9.545,25.6850,1.31050,33.775
9.570,25.6825,1.31225,33.938
9.596,25.6850,1.31725,33.731
9.621,25.6800,1.28875,33.462
9.646,25.6800,1.33375,34.406
9.671,25.6738,1.34975,34.294
9.696,25.6825,1.32025,33.988
9.720,25.6825,1.33625,33.888
9.745,25.6800,1.33550,34.263
9.770,25.6850,1.34425,34.406
9.796,25.6887,1.34175,33.975
9.821,25.6738,1.34175,34.806
9.846,25.6800,1.33450,34.706
9.871,25.6825,1.34300,34.788
9.895,25.6762,1.41125,36.250
9.921,25.6675,1.38375,36.075
9.946,25.6738,1.36875,35.062
9.971,25.6675,1.39850,35.913
9.995,25.6700,1.38800,35.587
10.021,25.6738,1.39525,35.750
10.045,25.6800,1.40100,35.706
10.071,25.6762,1.38975,35.381
10.095,25.6913,1.38175,35.388
10.121,25.6887,1.40150,35.556
10.145,25.6850,1.40400,35.781
10.171,25.6887,1.39600,35.688
10.195,25.6700,1.39225,36.006
10.221,25.6762,1.39100,35.644
10.245,25.6800,1.37800,35.700
10.270,25.6762,1.35100,35.031
10.296,25.6762,1.33875,34.388
10.321,25.6825,1.34925,34.725
10.345,25.6762,1.34800,34.681
10.371,25.6700,1.38000,35.450
10.395,25.6825,1.37325,35.288
10.421,25.6738,1.37375,34.919
10.445,25.6738,1.36075,34.694
10.471,25.6762,1.37575,34.906
10.495,25.6913,1.36650,34.531
10.521,25.6638,1.38050,35.300
10.546,25.6762,1.35525,34.531
10.571,25.6850,1.36275,34.681
10.596,25.6800,1.35400,34.900
10.621,25.6738,1.35725,34.850
10.646,25.6762,1.36875,35.256
10.671,25.6762,1.35900,35.500
10.696,25.6762,1.36200,35.269
10.721,25.6638,1.39050,35.669
10.746,25.6850,1.38425,35.494
10.771,25.6738,1.38375,35.381
10.795,25.6638,1.37875,35.369
10.822,25.6700,1.38000,35.644
10.848,25.6825,1.40700,36.638
10.874,25.6638,1.45625,36.956
10.899,25.6675,1.46500,37.275
10.925,25.6612,1.45375,37.100
10.950,25.6575,1.48150,37.931
10.976,25.6638,1.44650,37.244
11.002,25.6675,1.45125,37.169
11.027,25.6575,1.46000,37.706
11.052,25.6700,1.44700,37.288
11.077,25.6575,1.45825,37.450
11.103,25.6887,1.46675,37.837
11.128,25.6513,1.49700,38.606
11.154,25.6638,1.49075,38.256
11.179,25.6612,1.46300,38.044
11.204,25.6675,1.48275,38.250
11.229,25.6762,1.47900,38.094
11.254,25.6612,1.46725,38.044
11.279,25.6575,1.48400,38.044
11.304,25.6638,1.48025,37.938
11.329,25.6950,1.49125,37.938
11.354,25.6762,1.47850,37.706
11.379,25.6612,1.50050,38.219
11.404,25.6575,1.49825,38.225
11.429,25.6612,1.50850,38.444
11.454,25.6700,1.50250,38.363
11.479,25.6487,1.53325,39.038
11.504,25.6550,1.48825,38.463
11.529,25.6638,1.49925,38.400
11.554,25.6550,1.50725,39.919
11.579,25.6612,1.49750,38.781
11.604,25.6575,1.48900,38.413
11.629,25.6575,1.49325,38.669
11.654,25.6513,1.50425,38.781
11.679,25.6762,1.49750,38.900
11.704,25.6550,1.50925,38.669
11.729,25.6638,1.52025,38.781
11.754,25.6612,1.50425,38.731
11.779,25.6738,1.52225,38.900
11.804,25.6762,1.52350,38.925
11.829,25.6612,1.53700,39.119
11.854,25.6575,1.51100,38.769
11.879,25.6450,1.52950,38.981
11.904,25.6675,1.52150,38.894
11.929,25.6700,1.51550,39.213
11.954,25.6700,1.51100,38.669
11.979,25.6638,1.52275,39.200
12.004,25.6550,1.52025,39.394
12.029,25.6487,1.51100,39.069
12.054,25.6575,1.51975,39.300
12.079,25.6612,1.52650,39.125
12.104,25.6612,1.52350,39.413
12.129,25.6612,1.53750,39.156
12.154,25.6513,1.53375,39.263
12.179,25.6550,1.58875,40.531
12.204,25.6550,1.57750,40.325
12.229,25.6487,1.59050,40.513
12.254,25.6450,1.58875,40.488
12.279,25.6487,1.58500,40.900
12.304,25.6513,1.57575,40.231
12.329,25.6550,1.58550,40.756
12.354,25.6513,1.56100,40.144
12.379,25.6487,1.59900,41.306
12.404,25.6575,1.59350,41.025
12.429,25.6450,1.61875,41.913
12.454,25.6487,1.59975,41.350
12.479,25.6487,1.60650,41.269
12.504,25.6425,1.60525,41.219
12.529,25.6400,1.61875,41.513
12.554,25.6425,1.60775,41.163
12.579,25.6550,1.63225,41.812
12.604,25.6425,1.63550,41.831
12.629,25.6425,1.62550,41.588
12.654,25.6513,1.61375,40.981
12.679,25.6425,1.64350,41.900
12.704,25.6450,1.63800,41.338
12.729,25.6550,1.62200,41.719
12.754,25.6487,1.63550,41.531
12.779,25.6487,1.62000,41.731
12.804,25.6513,1.62375,41.688
12.829,25.6425,1.60700,41.669
12.854,25.6513,1.61950,41.644
12.879,25.6487,1.60900,41.606
12.904,25.6487,1.59675,41.338
12.929,25.6575,1.60700,41.163
12.954,25.6513,1.61750,41.062
12.979,25.6612,1.62875,41.394
13.004,25.6337,1.59900,40.869
13.029,25.6450,1.61275,41.250
13.054,25.6400,1.60150,41.094
13.080,25.6337,1.60775,41.188
13.106,25.6513,1.62000,41.994
13.132,25.6400,1.62750,41.931
13.158,25.6400,1.63100,41.525
13.184,25.6450,1.63425,41.625
13.210,25.6513,1.62625,41.706
13.236,25.6487,1.62200,41.812
13.261,25.6487,1.62800,41.781
13.287,25.6425,1.63675,41.863
13.312,25.6450,1.62075,41.394
13.337,25.6450,1.62550,41.763
13.362,25.6513,1.62500,41.606
13.387,25.6425,1.61325,41.913
13.412,25.6450,1.61275,41.644
13.437,25.6487,1.61375,41.513
13.462,25.6450,1.61700,41.450
13.487,25.6450,1.61275,41.731
13.512,25.6450,1.61150,41.431
13.537,25.6400,1.62250,41.625
13.562,25.6575,1.61625,41.788
13.587,25.6400,1.62300,41.588
13.612,25.6363,1.63300,41.544
13.637,25.6300,1.61500,41.350
13.662,25.6487,1.61025,41.269
13.687,25.6487,1.62875,41.450
13.712,25.6400,1.63675,41.881
13.737,25.6738,1.65025,42.394
13.762,25.6887,1.61625,41.844
13.787,25.6425,1.63675,42.119
13.812,25.6425,1.63975,42.119
13.837,25.6400,1.63300,42.413
13.862,25.6400,1.62425,41.994
13.887,25.6400,1.63050,42.138
13.912,25.6400,1.66675,42.538
13.937,25.6400,1.65075,42.606
13.962,25.6400,1.65825,42.069
13.987,25.6337,1.65750,42.406
14.012,25.6400,1.66250,42.438
14.037,25.6700,1.65150,42.438
14.062,25.6425,1.66550,42.438
14.087,25.6400,1.66425,42.619
14.112,25.6337,1.64475,41.975
14.137,25.6400,1.59475,40.869
14.163,25.6487,1.58925,40.431
14.188,25.6450,1.59475,40.825
14.214,25.6450,1.58750,40.469
14.240,25.6487,1.58550,40.888
14.266,25.6513,1.59350,41.269
14.292,25.6400,1.58500,40.881
14.317,25.6513,1.60100,40.769
14.343,25.6337,1.60275,40.825
14.369,25.6425,1.59775,40.819
14.395,25.6450,1.58675,40.963
14.421,25.6612,1.59775,41.113
14.445,25.6487,1.58250,40.981
14.471,25.6487,1.59475,40.825
14.497,25.6400,1.59975,41.338
14.522,25.6487,1.57875,40.531
14.548,25.6450,1.60150,40.481
14.574,25.6400,1.57875,40.375
14.599,25.6450,1.58800,40.225
14.624,25.6425,1.57875,40.231
14.650,25.6487,1.57075,40.450
14.676,25.6363,1.56825,40.613
14.702,25.6400,1.57950,40.713
14.728,25.6450,1.60700,40.600
14.754,25.6363,1.57875,40.419
14.780,25.6513,1.57325,40.544
14.806,25.6487,1.56900,40.519
14.831,25.6425,1.57875,40.613
14.856,25.6487,1.58125,40.881
14.882,25.6450,1.58300,40.531
14.908,25.6400,1.59600,40.656
14.934,25.6487,1.56650,40.562
14.959,25.6487,1.60275,40.713
14.985,25.6450,1.57575,40.625
15.012,25.6513,1.60400,40.819
15.037,25.6450,1.60575,40.681
15.062,25.6363,1.59550,40.938
15.087,25.6363,1.57200,40.931
15.112,25.6487,1.58500,40.788
15.137,25.6513,1.58175,40.900
15.162,25.6425,1.58925,40.788
15.187,25.6487,1.57500,40.613
15.212,25.6400,1.59175,40.656
15.237,25.6450,1.59550,41.144
15.263,25.6400,1.61750,41.044
15.289,25.6363,1.60475,40.981
15.314,25.6300,1.58500,40.825
15.340,25.6337,1.59425,40.625
15.366,25.6487,1.58750,40.450
15.391,25.6363,1.58175,40.513
15.417,25.6425,1.59100,40.725
15.443,25.6487,1.58000,40.794
15.469,25.6400,1.60525,41.463
15.495,25.6487,1.58175,40.569
15.521,25.6450,1.59100,40.644
15.546,25.6425,1.58925,40.356
15.571,25.6513,1.59300,40.562
15.597,25.6363,1.58800,40.681
15.623,25.6513,1.58125,40.744
15.649,25.6425,1.58500,40.969
15.675,25.6425,1.57625,40.531
15.700,25.6300,1.59775,40.569
15.726,25.6450,1.58675,40.706
15.752,25.6337,1.58175,40.450
15.777,25.6363,1.58800,40.706
15.803,25.6550,1.59725,40.881
15.828,25.6400,1.57375,40.562
15.854,25.6425,1.58375,40.663
15.879,25.6400,1.57500,40.519
15.904,25.6425,1.58800,40.694
15.929,25.6450,1.57275,40.438
15.954,25.6450,1.58500,40.263
15.979,25.6550,1.58425,40.500
16.004,25.6425,1.57875,40.450
16.029,25.6337,1.57700,40.406
16.054,25.6363,1.57950,40.200
16.079,25.6638,1.60525,40.675
16.104,25.6300,1.61700,41.194
16.129,25.6487,1.58550,40.675
16.154,25.6425,1.59725,40.469
16.179,25.6400,1.58375,40.738
16.204,25.6363,1.58875,40.613
16.229,25.6400,1.56900,40.919
16.254,25.6337,1.57200,40.681
16.279,25.6425,1.57750,40.888
16.304,25.6363,1.57700,40.544
16.329,25.6337,1.56900,40.675
16.354,25.6425,1.57325,40.356
16.379,25.6487,1.58500,40.519
16.404,25.6275,1.58425,40.519
16.429,25.6400,1.57450,40.325
16.454,25.6300,1.58075,40.263
16.479,25.6487,1.58925,40.450
16.504,25.6337,1.59850,40.400
16.529,25.6487,1.58625,40.550
16.554,25.6363,1.59050,40.456
16.579,25.6337,1.58925,40.562
16.604,25.6575,1.58550,40.469
16.629,25.6425,1.57200,40.775
16.654,25.6450,1.58175,40.406
16.680,25.6337,1.58425,40.369
16.706,25.6513,1.58000,40.369
16.731,25.6425,1.59300,40.519
16.756,25.6450,1.58000,40.600
16.782,25.6300,1.59850,40.725
16.807,25.6425,1.58000,40.531
16.832,25.6363,1.58125,40.431
16.858,25.6300,1.57950,40.663
16.884,25.6612,1.58375,40.963
16.910,25.6487,1.60400,41.219
16.935,25.6425,1.57750,40.388
16.961,25.6450,1.60100,40.625
16.986,25.6363,1.58975,40.456
17.011,25.6275,1.58875,40.469
17.037,25.6363,1.58250,40.481
17.063,25.6337,1.57575,40.500
17.089,25.6363,1.58175,41.013
17.115,25.6425,1.56150,40.388
17.140,25.6363,1.58425,40.613
17.166,25.6300,1.60275,40.806
17.192,25.6513,1.60700,40.869
17.217,25.6337,1.57950,40.438
17.243,25.6513,1.57825,40.288
17.269,25.6450,1.58625,40.500
17.295,25.6400,1.57500,40.744
17.321,25.6400,1.58800,40.869
17.345,25.6487,1.57825,40.456
17.370,25.6400,1.57950,40.725
17.396,25.6400,1.57825,40.663
17.420,25.6363,1.57275,40.950
17.445,25.6450,1.56825,40.294
17.470,25.6275,1.60100,40.950
17.495,25.6363,1.57575,40.356
17.521,25.6450,1.58175,40.775
17.547,25.6275,1.57825,40.788
17.573,25.6337,1.58250,40.438
17.598,25.6212,1.58250,40.306
17.624,25.6400,1.56775,40.069
17.649,25.6275,1.58625,40.469
17.675,25.6300,1.57750,40.294
17.700,25.6363,1.57025,40.181
17.726,25.6550,1.56475,40.706
17.752,25.6363,1.56275,40.369
17.777,25.6300,1.57500,40.513
17.803,25.6450,1.58375,40.312
17.828,25.6337,1.58925,40.488
17.854,25.6337,1.59350,40.419
17.879,25.6400,1.58125,40.631
17.904,25.6513,1.57575,40.263
17.929,25.6400,1.58925,40.656
17.954,25.6363,1.57450,40.631
17.979,25.6363,1.58250,40.819
18.004,25.6400,1.56150,40.113
18.029,25.6275,1.57375,40.581
18.054,25.6275,1.56950,40.263
18.079,25.6337,1.57150,40.513
18.104,25.6363,1.56025,40.175
18.129,25.6275,1.57200,40.256
18.154,25.6400,1.56950,40.144
18.180,25.6400,1.57075,40.406
18.206,25.6425,1.57150,40.338
18.231,25.6487,1.58425,40.469
18.257,25.6363,1.57025,40.594
18.282,25.6337,1.59225,40.419
18.308,25.6425,1.58075,40.312
18.334,25.6513,1.56825,40.119
18.360,25.6363,1.57450,40.562
18.386,25.6425,1.57075,40.375
18.411,25.6513,1.57450,40.581
18.437,25.6425,1.57625,40.613
18.462,25.6550,1.59050,40.806
18.488,25.6550,1.56650,40.000
18.514,25.6450,1.57075,40.088
18.539,25.6450,1.57375,40.406
18.565,25.6400,1.57325,40.356
18.590,25.6400,1.56900,40.356
18.616,25.6425,1.56025,40.562
18.642,25.6400,1.56525,40.419
18.667,25.6363,1.57625,40.062
18.693,25.6363,1.56825,39.719
18.719,25.6425,1.57075,39.975
18.744,25.6337,1.56150,39.969
18.770,25.6337,1.57325,40.356
18.795,25.6450,1.56900,40.100
18.820,25.6363,1.56025,40.181
18.845,25.6337,1.56400,40.000
18.870,25.6450,1.57750,40.338
18.895,25.6425,1.57500,40.306
18.920,25.6363,1.57750,40.225
18.945,25.6363,1.57275,40.062
18.970,25.6337,1.57325,40.213
18.995,25.6337,1.58075,40.200
19.020,25.6450,1.58500,40.450
19.045,25.6300,1.57450,40.150
19.070,25.6450,1.57950,40.400
19.095,25.6425,1.57825,40.613
19.120,25.6363,1.58500,40.675
19.145,25.6400,1.56475,40.769
19.170,25.6363,1.57500,40.312
19.195,25.6300,1.57450,40.406
19.220,25.6400,1.56950,40.356
19.245,25.6337,1.57625,40.244
19.270,25.6363,1.56100,39.875
19.295,25.6363,1.56475,39.906
19.320,25.6300,1.57200,40.338
19.345,25.6337,1.58425,40.681
19.371,25.6400,1.57375,40.594
19.397,25.6300,1.58800,40.706
19.422,25.6337,1.56350,40.263
19.448,25.6487,1.57750,40.594
19.474,25.6400,1.60900,40.794
19.499,25.6275,1.59725,40.431
19.525,25.6337,1.57450,40.344
19.550,25.6300,1.58500,40.519
19.576,25.6337,1.58675,40.756
19.601,25.6337,1.59175,40.388
19.627,25.6337,1.57950,40.769
19.652,25.6425,1.57875,40.631
19.678,25.6300,1.59475,41.062
19.704,25.6400,1.59725,41.081
19.729,25.6300,1.59225,41.175
19.754,25.6363,1.58300,40.681
19.780,25.6400,1.59600,40.581
19.805,25.6337,1.59100,40.519
19.830,25.6363,1.60150,40.738
19.856,25.6300,1.60025,40.594
19.882,25.6363,1.59475,41.050
19.908,25.6212,1.59300,40.888
19.934,25.6275,1.59050,40.938
19.960,25.6300,1.60650,41.062
19.985,25.6238,1.58500,40.631
20.011,25.6300,1.58550,40.500
20.037,25.6575,1.59050,40.744
20.062,25.6363,1.59175,40.519
20.087,25.6238,1.59100,40.806
20.112,25.6275,1.58125,40.675
20.137,25.6487,1.59350,40.806
20.162,25.6363,1.59350,40.713
20.187,25.6238,1.60350,40.838
20.212,25.6275,1.59175,40.806
20.237,25.6363,1.59975,40.713
20.262,25.6275,1.59300,40.594
20.287,25.6300,1.59675,40.981
20.312,25.6363,1.58625,40.931
20.337,25.6337,1.57825,40.963
20.362,25.6212,1.60025,41.338
20.387,25.6363,1.58500,41.444
20.412,25.6363,1.59100,40.744
20.437,25.6275,1.60100,41.450
20.462,25.6300,1.59475,40.881
20.487,25.6300,1.61075,41.175
20.512,25.6400,1.58975,40.431
20.537,25.6275,1.59550,40.775
20.562,25.6363,1.56700,40.144
20.587,25.6487,1.57275,40.062
20.612,25.6275,1.57025,40.038
20.637,25.6487,1.58425,40.519
20.662,25.6513,1.57275,40.225
20.687,25.6300,1.57750,40.088
20.712,25.6238,1.57450,40.244
20.737,25.6212,1.58800,40.550
20.762,25.6363,1.57625,40.519
20.787,25.6363,1.56825,40.613
20.812,25.6363,1.56275,40.194
20.837,25.6212,1.56700,40.400
20.862,25.6337,1.58625,40.625
20.887,25.6762,1.55725,40.694
20.912,25.6337,1.56225,40.275
20.937,25.6487,1.57150,40.406
20.962,25.6300,1.58875,40.325
20.987,25.6337,1.57325,40.175
21.012,25.6275,1.56950,40.031
21.037,25.6337,1.56900,39.938
21.062,25.6363,1.57700,40.306
21.087,25.6487,1.57950,40.256
21.112,25.6175,1.58000,40.600
21.137,25.6487,1.57275,40.388
21.162,25.6337,1.58800,40.338
21.187,25.6363,1.58000,40.569
21.212,25.6363,1.58875,40.681
21.237,25.6337,1.56475,40.706
21.262,25.6300,1.57325,40.225
21.287,25.6238,1.56650,40.562
21.312,25.6300,1.58425,40.225
21.337,25.6363,1.56900,40.581
21.362,25.6400,1.55725,40.263
21.387,25.6150,1.58675,40.644
21.412,25.6275,1.57950,40.675
21.437,25.6337,1.56825,40.225
21.462,25.6337,1.59425,40.819
21.487,25.6363,1.56400,40.225
21.512,25.6238,1.57950,40.344
21.537,25.6337,1.57325,40.513
21.562,25.6238,1.60650,40.838
21.587,25.6337,1.59050,40.819
21.612,25.6337,1.58175,40.450
21.637,25.6300,1.57075,40.581
21.662,25.6400,1.58425,40.675
21.687,25.6363,1.57025,40.819
21.712,25.6300,1.56950,40.706
21.737,25.6300,1.57200,40.431
21.762,25.6300,1.57275,40.569
21.787,25.6275,1.58750,40.613
21.812,25.6300,1.57750,40.519
21.837,25.6212,1.56150,40.263
21.862,25.6450,1.56700,40.213
21.887,25.6400,1.56950,40.213
21.912,25.6337,1.57950,40.325
21.937,25.6275,1.57700,40.569
21.962,25.6300,1.58925,40.625
21.987,25.6300,1.57825,40.294
22.012,25.6425,1.58550,40.419
22.037,25.6300,1.59050,40.513
22.062,25.6337,1.58300,40.369
22.087,25.6337,1.57500,40.275
22.112,25.6175,1.57450,40.431
22.137,25.6400,1.57075,40.713
22.162,25.6400,1.57200,40.550
22.187,25.6337,1.55775,40.675
22.212,25.6337,1.56350,40.225
22.237,25.6275,1.56475,40.675
22.262,25.6337,1.57275,40.163
22.287,25.6337,1.56775,40.306
22.312,25.6275,1.55775,40.088
22.337,25.6300,1.56525,40.100
22.362,25.6275,1.56825,40.081
22.387,25.6238,1.58300,40.225
22.412,25.6275,1.57200,40.531
22.437,25.6363,1.57575,40.613
22.462,25.6363,1.60225,40.681
22.487,25.6300,1.57750,40.481
22.512,25.6300,1.58425,40.519
22.537,25.6238,1.58300,40.681
22.562,25.6363,1.57825,40.181
22.587,25.6550,1.58000,40.775
22.612,25.6300,1.57950,40.519
22.637,25.6238,1.57450,40.694
22.662,25.6238,1.57625,41.000
22.687,25.6363,1.58550,40.806
22.712,25.6275,1.57825,40.500
22.737,25.6275,1.57275,40.456
22.762,25.6238,1.61025,40.931
22.787,25.6513,1.60475,41.138
22.813,25.6275,1.60950,41.025
22.838,25.6175,1.60275,41.062
22.864,25.6300,1.59975,41.144
22.890,25.6337,1.61875,41.331
22.916,25.6113,1.61025,41.331
22.940,25.6238,1.64100,41.625
22.966,25.6275,1.61325,41.156
22.992,25.6337,1.60525,41.363
23.017,25.6275,1.59475,41.075
23.043,25.6300,1.60400,40.788
23.069,25.6212,1.59475,41.238
23.095,25.6275,1.60225,41.319
23.120,25.6212,1.57875,40.263
23.145,25.6337,1.58175,40.431
23.170,25.6238,1.58375,40.550
23.196,25.6363,1.58000,40.931
23.222,25.6425,1.56825,40.213
23.248,25.6275,1.56225,40.388
23.273,25.6363,1.56700,39.969
23.299,25.6612,1.57200,40.200
23.324,25.6212,1.56150,40.356
23.350,25.6337,1.57825,40.513
23.375,25.6275,1.56700,40.431
23.401,25.6212,1.59050,40.419
23.427,25.6337,1.58375,40.581
23.452,25.6275,1.57575,40.175
23.478,25.6337,1.57325,40.144
23.504,25.6300,1.55475,39.812
23.529,25.6300,1.56700,40.000
23.554,25.6363,1.56575,40.200
23.579,25.6363,1.56900,40.338
23.604,25.6275,1.57075,40.050
23.629,25.6300,1.57325,40.356
23.654,25.6450,1.56950,39.894
23.679,25.6212,1.58975,40.431
23.704,25.6238,1.58425,40.488
23.729,25.6238,1.59725,40.969
23.754,25.6363,1.58000,40.469
23.779,25.6238,1.58000,40.312
23.804,25.6212,1.56650,40.344
23.829,25.6238,1.57625,40.519
23.854,25.6275,1.56150,40.600
23.879,25.6337,1.57075,40.613
23.904,25.6175,1.57275,40.631
23.929,25.6275,1.57575,40.450
23.954,25.6212,1.56900,40.213
23.979,25.6175,1.57375,40.488
24.004,25.6275,1.56700,39.925
24.029,25.6300,1.57575,40.088
24.054,25.6175,1.56650,40.038
24.079,25.6337,1.57700,40.344
24.104,25.6400,1.57325,40.288
24.129,25.6300,1.57275,40.375
24.154,25.6363,1.57450,40.069
24.179,25.6300,1.58500,40.594
24.204,25.6425,1.58250,40.150
24.229,25.6300,1.58175,40.613
24.254,25.6337,1.56025,40.194
24.280,25.6337,1.57275,40.150
24.306,25.6363,1.56475,39.794
24.332,25.6300,1.57500,40.344
24.357,25.6300,1.56350,40.263
24.382,25.6150,1.56275,40.344
24.408,25.6337,1.57275,40.725
24.434,25.6363,1.58300,40.100
24.460,25.6088,1.60350,40.594
24.486,25.6212,1.56575,40.225
24.512,25.6300,1.57575,40.769
24.537,25.6400,1.57025,40.438
24.562,25.6212,1.56950,40.119
24.587,25.6300,1.56650,40.194
24.612,25.6175,1.56775,39.925
24.638,25.6513,1.56150,40.438
24.664,25.6400,1.57575,40.488
24.689,25.6175,1.58175,40.306
24.715,25.6337,1.57825,40.213
24.741,25.6175,1.57575,40.275
24.767,25.6275,1.56025,40.513
24.793,25.6337,1.57625,40.644
24.819,25.6487,1.59300,40.919
24.844,25.6150,1.58875,40.819
24.869,25.6550,1.59300,40.438
24.895,25.6212,1.57275,40.200
24.920,25.6212,1.58175,40.194
24.945,25.6238,1.57950,40.469
24.970,25.6337,1.57025,40.456
24.995,25.6275,1.57275,39.894
25.020,25.6175,1.58250,40.481
25.045,25.6238,1.57500,40.713
25.070,25.6238,1.57500,40.681
25.095,25.6212,1.55900,40.544
25.120,25.6238,1.56400,40.419
25.145,25.6275,1.56275,40.244
25.170,25.6300,1.57450,40.388
25.195,25.6238,1.56950,40.119
25.220,25.6238,1.55900,40.450
25.245,25.6400,1.56350,40.031
25.270,25.6337,1.56900,40.181
25.295,25.6300,1.56400,40.181
25.320,25.6238,1.57500,40.231
25.345,25.6300,1.57025,40.306
25.370,25.6275,1.57450,40.163
25.396,25.6300,1.56950,39.906
25.421,25.6400,1.56900,40.150
25.447,25.6275,1.56525,40.456
25.473,25.6238,1.58250,40.775
25.498,25.6212,1.57950,40.544
25.524,25.6150,1.57375,40.088
25.550,25.6238,1.57950,40.481
25.576,25.6400,1.56275,40.019
25.602,25.6275,1.57200,40.225
25.627,25.6300,1.56275,40.562
25.653,25.6238,1.58000,41.113
25.678,25.6400,1.57200,40.288
25.704,25.6337,1.57200,40.194
25.729,25.6275,1.58425,40.406
25.754,25.6275,1.58300,40.675
25.779,25.6363,1.57075,40.294
25.804,25.6238,1.56150,40.594
25.829,25.6300,1.56525,40.344
25.854,25.6175,1.57450,40.675
25.879,25.6337,1.58075,40.644
25.904,25.6212,1.59675,41.013
25.929,25.6238,1.58550,40.788
25.954,25.6337,1.58075,40.225
25.979,25.6088,1.57450,40.175
26.004,25.6487,1.58925,40.456
26.029,25.6337,1.58300,40.213
26.054,25.6150,1.58500,40.256
26.079,25.6238,1.58250,40.744
26.104,25.6212,1.59550,40.225
26.129,25.6275,1.59300,40.431
26.154,25.6337,1.59425,40.756
26.179,25.6300,1.59475,40.775
26.204,25.6275,1.57825,40.756
26.229,25.6238,1.58500,40.550
26.254,25.6150,1.58425,40.725
26.279,25.6337,1.58375,41.044
26.304,25.6300,1.58375,41.013
26.329,25.6275,1.58875,40.881
26.354,25.6425,1.56575,40.438
26.379,25.6175,1.59725,40.869
26.404,25.6275,1.58875,41.050
26.429,25.6175,1.59425,41.025
26.454,25.6050,1.58750,40.850
26.479,25.6238,1.59175,41.031
26.504,25.6175,1.61825,40.600
26.529,25.6175,1.62375,40.913
26.554,25.6113,1.62000,40.919
26.579,25.6238,1.62000,41.175
26.604,25.6113,1.60700,40.869
26.629,25.6212,1.60825,41.025
26.654,25.6337,1.60575,40.694
26.679,25.6300,1.60525,41.625
26.704,25.6175,1.59350,41.288
26.729,25.6238,1.59100,41.531
26.754,25.6450,1.58800,41.044
26.779,25.6275,1.59975,41.594
26.804,25.6275,1.60275,40.794
26.829,25.6175,1.61325,41.188
26.854,25.6337,1.58975,40.913
26.879,25.6175,1.60650,41.444
26.904,25.6150,1.58625,40.706
26.929,25.6175,1.60100,40.713
26.954,25.6238,1.60025,40.544
26.979,25.6050,1.59975,41.250
27.004,25.6238,1.60025,41.044
27.029,25.6150,1.65700,42.519
27.054,25.6487,1.65150,42.406
27.079,25.6175,1.64900,42.425
27.104,25.6175,1.65025,42.413
27.129,25.6175,1.65325,42.638
27.154,25.6238,1.63675,42.375
27.179,25.6238,1.65750,42.219
27.204,25.6025,1.62675,41.881
27.229,25.6113,1.64025,42.300
27.254,25.6238,1.64350,42.250
27.279,25.6175,1.65950,42.731
27.304,25.6113,1.63725,42.231
27.329,25.6212,1.65025,42.331
27.354,25.6212,1.64275,42.231
27.379,25.6175,1.65075,42.375
27.404,25.6113,1.64350,42.069
27.429,25.6113,1.65275,42.344
27.454,25.6150,1.63550,41.656
27.479,25.6175,1.66675,42.250
27.504,25.6150,1.66200,42.294
27.529,25.6212,1.67225,42.312
27.554,25.6175,1.65950,42.188
27.579,25.6175,1.66925,42.600
27.604,25.6150,1.64100,41.963
27.629,25.6238,1.64600,42.569
27.654,25.6300,1.63725,42.556
27.679,25.6175,1.65400,42.781
27.704,25.6238,1.64700,42.394
27.729,25.6113,1.66075,42.438
27.754,25.6175,1.64350,41.975
27.779,25.6088,1.65075,42.213
27.804,25.6150,1.65450,42.506
27.829,25.6088,1.66000,42.244
27.854,25.6212,1.63000,41.913
27.880,25.6238,1.63100,42.119
27.906,25.6150,1.63225,41.850
27.931,25.6238,1.59425,40.744
27.957,25.6275,1.59175,40.819
27.982,25.6150,1.66500,42.300
28.007,25.6175,1.65825,42.469
28.033,25.6113,1.63475,42.312
28.059,20.6062,-0.00025,0.019
28.084,14.8613,0.00475,0.062
28.109,9.2837,0.00100,0.000
28.134,7.0438,0.00225,0.019
28.159,6.7637,-0.00075,0.013
28.183,6.3413,0.00150,0.013
28.208,6.1113,0.00100,0.013
28.234,5.8712,0.00050,0.013
28.260,5.6863,0.00050,0.013
28.286,5.5513,-0.00025,0.000
28.311,5.4675,-0.00025,0.000
28.337,5.4463,-0.00025,0.000
28.363,5.4375,-0.00150,0.013
28.389,5.4337,-0.00150,0.000
28.415,5.4400,-0.00150,0.000
28.440,5.4337,-0.00075,0.013
28.466,5.4313,-0.00025,0.000
28.492,5.4313,-0.00025,0.013
28.517,5.4250,-0.00275,0.013
28.542,5.4275,-0.00150,0.013
28.568,5.4250,-0.00025,0.013
28.594,5.4275,-0.00075,0.000
28.620,5.4250,-0.00150,0.000
28.645,5.4250,-0.00075,0.000
28.670,5.4275,-0.00075,0.000
28.695,5.4313,-0.00200,0.013
28.720,5.4250,-0.00075,0.013
28.745,5.4188,-0.00075,0.013
28.770,5.4250,-0.00075,0.000
28.796,5.4250,-0.00075,0.000
28.822,5.4188,-0.00150,0.000
28.848,5.4250,-0.00150,0.000
28.873,5.4212,-0.00150,0.013
28.899,5.4250,-0.00150,0.013
28.924,5.4212,-0.00150,0.000
28.950,5.4212,-0.00075,0.013
28.975,5.4212,-0.00200,0.013
29.000,5.4188,-0.00150,0.000
29.025,5.4188,-0.00025,0.000
29.050,5.4162,-0.00025,0.000
29.076,5.4212,-0.00075,0.013
29.102,5.4188,-0.00075,0.013
29.128,5.4212,-0.00275,0.013
29.153,5.4188,-0.00200,0.013
29.178,5.4188,-0.00025,0.000
29.204,5.4250,-0.00075,0.000
29.228,5.4162,-0.00025,0.013
29.254,5.4188,-0.00150,0.000
29.279,5.4212,-0.00150,0.013
29.304,5.4250,-0.00075,0.013
29.330,5.4188,-0.00150,0.013
29.355,5.4275,-0.00150,0.000
29.381,5.4162,-0.00025,0.013
29.407,5.4188,-0.00150,0.000
29.432,5.4212,-0.00200,0.013
29.458,5.4188,-0.00150,0.013
29.484,5.4188,-0.00075,0.013
29.510,5.4250,-0.00025,0.013
29.535,5.4212,-0.00075,0.013
29.561,5.4250,-0.00075,0.000
29.586,5.4162,-0.00200,0.013
29.612,5.4212,-0.00075,0.000
29.637,5.4125,-0.00275,0.013
29.662,5.4212,-0.00150,0.013
29.687,5.4125,-0.00025,0.013
29.712,5.4275,-0.00075,0.013
29.737,5.4162,-0.00075,0.013
29.762,5.4162,-0.00025,0.013
29.787,5.4212,-0.00150,0.000
29.812,5.4188,-0.00200,0.000
29.837,5.4212,-0.00075,0.000
29.862,5.4212,-0.00075,0.013
29.887,5.4162,-0.00025,0.000
29.912,5.4188,-0.00150,0.013
29.937,5.4212,-0.00200,0.013
29.963,5.4212,-0.00025,0.013
29.989,5.4162,-0.00150,0.013
30.015,5.4125,-0.00075,0.013
30.040,5.4188,-0.00150,0.000
30.066,5.4188,-0.00075,0.000
30.092,5.4162,-0.00150,0.013
30.117,5.4100,-0.00150,0.013
30.143,5.4188,-0.00075,0.013
30.170,5.4188,-0.00075,0.013
30.195,5.4212,-0.00275,0.013
30.220,5.4188,-0.00150,0.000
30.245,5.4188,-0.00150,0.013
30.270,5.4125,-0.00200,0.013
30.295,5.4188,-0.00200,0.000
30.320,5.4250,-0.00200,0.000
30.345,5.4212,-0.00025,0.013
30.370,5.4125,-0.00150,0.000
30.396,5.4125,-0.00200,0.013
30.422,5.4162,-0.00075,0.013
30.447,5.4212,-0.00150,0.000
30.473,5.4188,-0.00075,0.000
30.498,5.4162,-0.00150,0.013
30.523,5.4100,-0.00200,0.013
30.549,5.4212,-0.00275,0.000
30.575,5.4162,-0.00200,0.013
30.600,5.4162,-0.00075,0.013
30.626,5.4188,-0.00200,0.000
30.652,5.4212,-0.00075,0.000
30.678,5.4162,-0.00275,0.013
30.703,5.4188,-0.00150,0.013
30.728,5.4188,-0.00200,0.013
30.753,5.4125,-0.00150,0.013
30.778,5.4188,-0.00025,0.013
30.804,5.4188,-0.00200,0.013
30.829,5.4188,-0.00150,0.013
30.854,5.4162,-0.00150,0.000
30.879,5.4212,-0.00150,0.013
30.905,5.4125,-0.00275,0.013
30.931,5.4162,-0.00150,0.000
30.956,5.4250,-0.00200,0.000
30.982,5.4188,-0.00150,0.000
31.008,5.4162,-0.00150,0.000
31.034,5.4212,-0.00150,0.000
31.060,5.4162,-0.00150,0.013
31.086,5.4162,-0.00075,0.013
31.111,5.4188,-0.00150,0.000
31.136,5.4188,-0.00200,0.000
31.161,5.4212,-0.00200,0.000
31.186,5.4125,-0.00200,0.013
31.212,5.4188,-0.00150,0.000
31.237,5.4162,-0.00150,0.013
31.262,5.4250,-0.00150,0.013
31.288,5.4162,-0.00150,0.000
31.314,5.4162,-0.00275,0.013
31.339,5.4212,-0.00025,0.000
31.364,5.4188,-0.00025,0.000
31.390,5.4188,-0.00275,0.013
31.415,5.4212,-0.00200,0.013
31.440,5.4162,-0.00200,0.013
31.465,5.4125,-0.00075,0.013
31.490,5.4162,-0.00200,0.000
31.515,5.4162,-0.00150,0.013
31.540,5.4162,-0.00075,0.013
31.565,5.4162,-0.00200,0.013
31.590,5.4188,-0.00275,0.000
31.615,5.4125,-0.00150,0.000
31.640,5.4250,-0.00150,0.013
31.665,5.4162,-0.00075,0.000
31.690,5.4162,-0.00025,0.013
31.716,5.4162,-0.00075,0.013
31.741,5.4188,-0.00150,0.013
31.767,5.4162,-0.00150,0.000
31.792,5.4188,-0.00075,0.000
31.818,5.4162,-0.00200,0.013
31.843,5.4125,-0.00150,0.000
31.869,5.4188,-0.00075,0.013
31.895,5.4188,-0.00200,0.013
31.920,5.4125,-0.00075,0.000
31.945,5.4188,-0.00075,0.000
31.970,5.4188,-0.00025,0.000
31.995,5.4162,-0.00075,0.000
32.020,5.4188,-0.00075,0.000
32.046,5.4100,-0.00275,0.013
32.071,5.4188,-0.00200,0.013
32.097,5.4062,-0.00200,0.013
32.122,5.4162,-0.00150,0.019
32.148,5.4188,-0.00150,0.013
32.173,5.4188,-0.00150,0.000
32.199,5.4188,-0.00200,0.000
32.225,5.4212,-0.00075,0.000
32.250,5.4188,-0.00150,0.013
32.276,5.4188,-0.00150,0.000
32.302,5.4275,-0.00075,0.000
32.327,5.4162,-0.00025,0.013
